ParticipantID,Datetime,QuestionID,SubQuestion,Response
Empty,2024-09-04 18:37:51,Tools Used (Knapsack),0,0
Empty,2024-09-04 18:37:51,Tools Used (Knapsack),1,1
Empty,2024-09-04 18:37:51,Tools Used (Knapsack),2,1
Empty,2024-09-04 18:37:51,Tools Used (Knapsack),3,1
Empty,2024-09-04 18:37:51,Tools Used (Knapsack),666,
Empty,2024-09-04 19:13:43,Tools Used (Knapsack),0,1
Empty,2024-09-04 19:13:43,Tools Used (Knapsack),1,1
Empty,2024-09-04 19:13:43,Tools Used (Knapsack),2,1
Empty,2024-09-04 19:13:43,Tools Used (Knapsack),3,1
Empty,2024-09-04 19:13:43,Tools Used (Knapsack),666,
Empty,2024-09-04 19:13:52,Tool helpfulness (Knapsack),0,0
Empty,2024-09-04 19:13:52,Tool helpfulness (Knapsack),1,0
Empty,2024-09-04 19:13:52,Tool helpfulness (Knapsack),2,0
Empty,2024-09-04 19:13:52,Tool helpfulness (Knapsack),3,0
Empty,2024-09-04 19:13:52,Tool helpfulness (Knapsack),666,
Empty,2024-09-04 19:13:56,Tools Used (Cognitive Tasks),0,0
Empty,2024-09-04 19:13:56,Tools Used (Cognitive Tasks),1,0
Empty,2024-09-04 19:13:56,Tools Used (Cognitive Tasks),2,0
Empty,2024-09-04 19:13:56,Tools Used (Cognitive Tasks),3,0
Empty,2024-09-04 19:13:56,Tools Used (Cognitive Tasks),666,
Empty,2024-09-04 19:14:00,Tool helpfulness (Cognitive tasks),0,0
Empty,2024-09-04 19:14:00,Tool helpfulness (Cognitive tasks),1,0
Empty,2024-09-04 19:14:00,Tool helpfulness (Cognitive tasks),2,0
Empty,2024-09-04 19:14:00,Tool helpfulness (Cognitive tasks),3,0
Empty,2024-09-04 19:14:00,Tool helpfulness (Cognitive tasks),666,
Empty,2024-09-04 19:14:09,Motivation for Cognition,0,0
Empty,2024-09-04 19:14:09,Motivation for Cognition,1,1
Empty,2024-09-04 19:14:09,Motivation for Cognition,2,0
Empty,2024-09-04 19:14:09,Motivation for Cognition,3,0
Empty,2024-09-04 19:14:09,Motivation for Cognition,4,1
Empty,2024-09-04 19:14:09,Motivation for Cognition,5,0
Empty,2024-09-04 19:14:09,Motivation for Cognition,6,1
Empty,2024-09-04 19:14:09,Motivation for Cognition,7,1
Empty,2024-09-04 19:14:09,Motivation for Cognition,8,0
Empty,2024-09-04 19:14:09,Motivation for Cognition,9,1
Empty,2024-09-04 19:14:16,Fatigue Assessment Scale,0,1
Empty,2024-09-04 19:14:16,Fatigue Assessment Scale,1,1
Empty,2024-09-04 19:14:16,Fatigue Assessment Scale,2,1
Empty,2024-09-04 19:14:16,Fatigue Assessment Scale,3,1
Empty,2024-09-04 19:14:16,Fatigue Assessment Scale,4,1
Empty,2024-09-04 19:14:16,Fatigue Assessment Scale,5,1
Empty,2024-09-04 19:14:16,Fatigue Assessment Scale,6,1
Empty,2024-09-04 19:14:16,Fatigue Assessment Scale,7,1
Empty,2024-09-04 19:14:16,Fatigue Assessment Scale,8,1
Empty,2024-09-04 19:14:16,Fatigue Assessment Scale,9,1
Empty,2024-09-04 19:14:22,BFI Neuroticism,0,0
Empty,2024-09-04 19:14:22,BFI Neuroticism,1,0
Empty,2024-09-04 19:14:22,BFI Neuroticism,2,0
Empty,2024-09-04 19:14:22,BFI Neuroticism,3,0
Empty,2024-09-04 19:14:22,BFI Neuroticism,4,0
Empty,2024-09-04 19:14:22,BFI Neuroticism,5,0
Empty,2024-09-04 19:14:22,BFI Neuroticism,6,0
Empty,2024-09-04 19:14:22,BFI Neuroticism,7,0
Empty,2024-09-04 19:14:26,Self-rated Cognitive Abilities,0,1
Empty,2024-09-04 19:14:26,Self-rated Cognitive Abilities,1,1
Empty,2024-09-04 19:14:26,Self-rated Cognitive Abilities,2,1
Empty,2024-09-04 19:14:39,STAI-T,0,1
Empty,2024-09-04 19:14:39,STAI-T,1,1
Empty,2024-09-04 19:14:39,STAI-T,2,1
Empty,2024-09-04 19:14:39,STAI-T,3,1
Empty,2024-09-04 19:14:39,STAI-T,4,1
Empty,2024-09-04 19:14:39,STAI-T,5,1
Empty,2024-09-04 19:14:39,STAI-T,6,1
Empty,2024-09-04 19:14:39,STAI-T,7,1
Empty,2024-09-04 19:14:39,STAI-T,8,1
Empty,2024-09-04 19:14:39,STAI-T,9,1
Empty,2024-09-04 19:14:39,STAI-T,10,1
Empty,2024-09-04 19:14:39,STAI-T,11,1
Empty,2024-09-04 19:14:39,STAI-T,12,1
Empty,2024-09-04 19:14:39,STAI-T,13,1
Empty,2024-09-04 19:14:39,STAI-T,14,1
Empty,2024-09-04 19:14:39,STAI-T,15,1
Empty,2024-09-04 19:14:39,STAI-T,16,1
Empty,2024-09-04 19:14:39,STAI-T,17,1
Empty,2024-09-04 19:14:39,STAI-T,18,1
Empty,2024-09-04 19:14:39,STAI-T,19,1
Empty,2024-09-04 19:14:39,STAI-T,20,1
Empty,2024-09-04 19:14:42,Self-rated skills,0,2
Empty,2024-09-04 19:14:42,Self-rated skills,1,2
Empty,2024-09-04 19:14:57,DASS-21,0,1
Empty,2024-09-04 19:14:57,DASS-21,1,1
Empty,2024-09-04 19:14:57,DASS-21,2,1
Empty,2024-09-04 19:14:57,DASS-21,3,1
Empty,2024-09-04 19:14:57,DASS-21,4,1
Empty,2024-09-04 19:14:57,DASS-21,5,1
Empty,2024-09-04 19:14:57,DASS-21,6,1
Empty,2024-09-04 19:14:57,DASS-21,7,1
Empty,2024-09-04 19:14:57,DASS-21,8,1
Empty,2024-09-04 19:14:57,DASS-21,9,1
Empty,2024-09-04 19:14:57,DASS-21,10,1
Empty,2024-09-04 19:14:57,DASS-21,11,1
Empty,2024-09-04 19:14:57,DASS-21,12,1
Empty,2024-09-04 19:14:57,DASS-21,13,1
Empty,2024-09-04 19:14:57,DASS-21,14,1
Empty,2024-09-04 19:14:57,DASS-21,15,1
Empty,2024-09-04 19:14:57,DASS-21,16,1
Empty,2024-09-04 19:14:57,DASS-21,17,1
Empty,2024-09-04 19:14:57,DASS-21,18,1
Empty,2024-09-04 19:14:57,DASS-21,19,1
Empty,2024-09-04 19:14:57,DASS-21,20,1
Empty,2024-09-04 19:14:57,DASS-21,21,1
Empty,2024-09-04 19:14:59,Reliability,0,6
test for real,2024-09-05 09:54:27,Tools Used (Knapsack),0,0
test for real,2024-09-05 09:54:27,Tools Used (Knapsack),1,0
test for real,2024-09-05 09:54:27,Tools Used (Knapsack),2,0
test for real,2024-09-05 09:54:27,Tools Used (Knapsack),3,0
test for real,2024-09-05 09:54:27,Tools Used (Knapsack),666,
test for real,2024-09-05 09:54:31,Tool helpfulness (Knapsack),0,0
test for real,2024-09-05 09:54:31,Tool helpfulness (Knapsack),1,0
test for real,2024-09-05 09:54:31,Tool helpfulness (Knapsack),2,0
test for real,2024-09-05 09:54:31,Tool helpfulness (Knapsack),3,0
test for real,2024-09-05 09:54:31,Tool helpfulness (Knapsack),666,
test for real,2024-09-05 09:54:35,Tools Used (Cognitive Tasks),0,1
test for real,2024-09-05 09:54:35,Tools Used (Cognitive Tasks),1,1
test for real,2024-09-05 09:54:35,Tools Used (Cognitive Tasks),2,1
test for real,2024-09-05 09:54:35,Tools Used (Cognitive Tasks),3,1
test for real,2024-09-05 09:54:35,Tools Used (Cognitive Tasks),666,
test for real,2024-09-05 09:54:39,Tool helpfulness (Cognitive tasks),0,1
test for real,2024-09-05 09:54:39,Tool helpfulness (Cognitive tasks),1,1
test for real,2024-09-05 09:54:39,Tool helpfulness (Cognitive tasks),2,1
test for real,2024-09-05 09:54:39,Tool helpfulness (Cognitive tasks),3,1
test for real,2024-09-05 09:54:39,Tool helpfulness (Cognitive tasks),666,
test for real,2024-09-05 09:54:48,Fatigue Assessment Scale,0,2
test for real,2024-09-05 09:54:48,Fatigue Assessment Scale,1,2
test for real,2024-09-05 09:54:48,Fatigue Assessment Scale,2,2
test for real,2024-09-05 09:54:48,Fatigue Assessment Scale,3,2
test for real,2024-09-05 09:54:48,Fatigue Assessment Scale,4,2
test for real,2024-09-05 09:54:48,Fatigue Assessment Scale,5,2
test for real,2024-09-05 09:54:48,Fatigue Assessment Scale,6,2
test for real,2024-09-05 09:54:48,Fatigue Assessment Scale,7,2
test for real,2024-09-05 09:54:48,Fatigue Assessment Scale,8,2
test for real,2024-09-05 09:54:48,Fatigue Assessment Scale,9,2
test for real,2024-09-05 09:54:51,Self-rated Cognitive Abilities,0,3
test for real,2024-09-05 09:54:51,Self-rated Cognitive Abilities,1,3
test for real,2024-09-05 09:54:51,Self-rated Cognitive Abilities,2,3
test for real,2024-09-05 09:54:58,BFI Neuroticism,0,0
test for real,2024-09-05 09:54:58,BFI Neuroticism,1,0
test for real,2024-09-05 09:54:58,BFI Neuroticism,2,0
test for real,2024-09-05 09:54:58,BFI Neuroticism,3,4
test for real,2024-09-05 09:54:58,BFI Neuroticism,4,4
test for real,2024-09-05 09:54:58,BFI Neuroticism,5,0
test for real,2024-09-05 09:54:58,BFI Neuroticism,6,4
test for real,2024-09-05 09:54:58,BFI Neuroticism,7,4
test for real,2024-09-05 09:55:21,DASS-21,0,2
test for real,2024-09-05 09:55:21,DASS-21,1,2
test for real,2024-09-05 09:55:21,DASS-21,2,1
test for real,2024-09-05 09:55:21,DASS-21,3,0
test for real,2024-09-05 09:55:21,DASS-21,4,1
test for real,2024-09-05 09:55:21,DASS-21,5,0
test for real,2024-09-05 09:55:21,DASS-21,6,0
test for real,2024-09-05 09:55:21,DASS-21,7,1
test for real,2024-09-05 09:55:21,DASS-21,8,3
test for real,2024-09-05 09:55:21,DASS-21,9,3
test for real,2024-09-05 09:55:21,DASS-21,10,1
test for real,2024-09-05 09:55:21,DASS-21,11,1
test for real,2024-09-05 09:55:21,DASS-21,12,2
test for real,2024-09-05 09:55:21,DASS-21,13,3
test for real,2024-09-05 09:55:21,DASS-21,14,1
test for real,2024-09-05 09:55:21,DASS-21,15,0
test for real,2024-09-05 09:55:21,DASS-21,16,1
test for real,2024-09-05 09:55:21,DASS-21,17,2
test for real,2024-09-05 09:55:21,DASS-21,18,2
test for real,2024-09-05 09:55:21,DASS-21,19,2
test for real,2024-09-05 09:55:21,DASS-21,20,3
test for real,2024-09-05 09:55:21,DASS-21,21,2
test for real,2024-09-05 09:55:39,STAI-T,0,0
test for real,2024-09-05 09:55:39,STAI-T,1,0
test for real,2024-09-05 09:55:39,STAI-T,2,0
test for real,2024-09-05 09:55:39,STAI-T,3,0
test for real,2024-09-05 09:55:39,STAI-T,4,0
test for real,2024-09-05 09:55:39,STAI-T,5,0
test for real,2024-09-05 09:55:39,STAI-T,6,0
test for real,2024-09-05 09:55:39,STAI-T,7,0
test for real,2024-09-05 09:55:39,STAI-T,8,0
test for real,2024-09-05 09:55:39,STAI-T,9,0
test for real,2024-09-05 09:55:39,STAI-T,10,0
test for real,2024-09-05 09:55:39,STAI-T,11,0
test for real,2024-09-05 09:55:39,STAI-T,12,0
test for real,2024-09-05 09:55:39,STAI-T,13,0
test for real,2024-09-05 09:55:39,STAI-T,14,0
test for real,2024-09-05 09:55:39,STAI-T,15,0
test for real,2024-09-05 09:55:39,STAI-T,16,0
test for real,2024-09-05 09:55:39,STAI-T,17,0
test for real,2024-09-05 09:55:39,STAI-T,18,0
test for real,2024-09-05 09:55:39,STAI-T,19,0
test for real,2024-09-05 09:55:39,STAI-T,20,0
test for real,2024-09-05 09:55:43,Self-rated skills,0,0
test for real,2024-09-05 09:55:43,Self-rated skills,1,0
test for real,2024-09-05 09:55:51,Motivation for Cognition,0,0
test for real,2024-09-05 09:55:51,Motivation for Cognition,1,0
test for real,2024-09-05 09:55:51,Motivation for Cognition,2,0
test for real,2024-09-05 09:55:51,Motivation for Cognition,3,0
test for real,2024-09-05 09:55:51,Motivation for Cognition,4,0
test for real,2024-09-05 09:55:51,Motivation for Cognition,5,0
test for real,2024-09-05 09:55:51,Motivation for Cognition,6,0
test for real,2024-09-05 09:55:51,Motivation for Cognition,7,0
test for real,2024-09-05 09:55:51,Motivation for Cognition,8,0
test for real,2024-09-05 09:55:51,Motivation for Cognition,9,0
test for real,2024-09-05 09:56:10,Reliability,0,7
Empty,2024-09-05 10:17:51,Tools Used (Knapsack),0,6
Empty,2024-09-05 10:17:51,Tools Used (Knapsack),1,6
Empty,2024-09-05 10:17:51,Tools Used (Knapsack),2,6
Empty,2024-09-05 10:17:51,Tools Used (Knapsack),3,6
Empty,2024-09-05 10:17:53,Tool helpfulness (Knapsack),0,6
Empty,2024-09-05 10:17:53,Tool helpfulness (Knapsack),1,6
Empty,2024-09-05 10:17:53,Tool helpfulness (Knapsack),2,6
Empty,2024-09-05 10:17:53,Tool helpfulness (Knapsack),3,6
Empty,2024-09-05 10:17:55,Tools Used (Cognitive Tasks),0,6
Empty,2024-09-05 10:17:55,Tools Used (Cognitive Tasks),1,6
Empty,2024-09-05 10:17:55,Tools Used (Cognitive Tasks),2,6
Empty,2024-09-05 10:17:55,Tools Used (Cognitive Tasks),3,6
Empty,2024-09-05 10:17:56,Tool helpfulness (Cognitive tasks),0,6
Empty,2024-09-05 10:17:56,Tool helpfulness (Cognitive tasks),1,6
Empty,2024-09-05 10:17:56,Tool helpfulness (Cognitive tasks),2,6
Empty,2024-09-05 10:17:56,Tool helpfulness (Cognitive tasks),3,6
Empty,2024-09-05 10:17:57,Self-rated Cognitive Abilities,0,5
Empty,2024-09-05 10:17:57,Self-rated Cognitive Abilities,1,5
Empty,2024-09-05 10:17:57,Self-rated Cognitive Abilities,2,5
Empty,2024-09-05 10:18:01,DASS-21,0,4
Empty,2024-09-05 10:18:01,DASS-21,1,4
Empty,2024-09-05 10:18:01,DASS-21,2,4
Empty,2024-09-05 10:18:01,DASS-21,3,4
Empty,2024-09-05 10:18:01,DASS-21,4,4
Empty,2024-09-05 10:18:01,DASS-21,5,4
Empty,2024-09-05 10:18:01,DASS-21,6,4
Empty,2024-09-05 10:18:01,DASS-21,7,4
Empty,2024-09-05 10:18:01,DASS-21,8,4
Empty,2024-09-05 10:18:01,DASS-21,9,4
Empty,2024-09-05 10:18:01,DASS-21,10,4
Empty,2024-09-05 10:18:01,DASS-21,11,4
Empty,2024-09-05 10:18:01,DASS-21,12,4
Empty,2024-09-05 10:18:01,DASS-21,13,4
Empty,2024-09-05 10:18:01,DASS-21,14,4
Empty,2024-09-05 10:18:01,DASS-21,15,4
Empty,2024-09-05 10:18:01,DASS-21,16,4
Empty,2024-09-05 10:18:01,DASS-21,17,4
Empty,2024-09-05 10:18:01,DASS-21,18,4
Empty,2024-09-05 10:18:01,DASS-21,19,4
Empty,2024-09-05 10:18:01,DASS-21,20,4
Empty,2024-09-05 10:18:01,DASS-21,21,4
Empty,2024-09-05 10:18:02,Self-rated skills,0,11
Empty,2024-09-05 10:18:02,Self-rated skills,1,11
Empty,2024-09-05 10:18:04,Fatigue Assessment Scale,0,5
Empty,2024-09-05 10:18:04,Fatigue Assessment Scale,1,5
Empty,2024-09-05 10:18:04,Fatigue Assessment Scale,2,5
Empty,2024-09-05 10:18:04,Fatigue Assessment Scale,3,5
Empty,2024-09-05 10:18:04,Fatigue Assessment Scale,4,5
Empty,2024-09-05 10:18:04,Fatigue Assessment Scale,5,5
Empty,2024-09-05 10:18:04,Fatigue Assessment Scale,6,5
Empty,2024-09-05 10:18:04,Fatigue Assessment Scale,7,5
Empty,2024-09-05 10:18:04,Fatigue Assessment Scale,8,5
Empty,2024-09-05 10:18:04,Fatigue Assessment Scale,9,5
Empty,2024-09-05 10:18:06,BFI Neuroticism,0,5
Empty,2024-09-05 10:18:06,BFI Neuroticism,1,5
Empty,2024-09-05 10:18:06,BFI Neuroticism,2,5
Empty,2024-09-05 10:18:06,BFI Neuroticism,3,5
Empty,2024-09-05 10:18:06,BFI Neuroticism,4,5
Empty,2024-09-05 10:18:06,BFI Neuroticism,5,5
Empty,2024-09-05 10:18:06,BFI Neuroticism,6,5
Empty,2024-09-05 10:18:06,BFI Neuroticism,7,5
Empty,2024-09-05 10:18:08,Motivation for Cognition,0,7
Empty,2024-09-05 10:18:08,Motivation for Cognition,1,7
Empty,2024-09-05 10:18:08,Motivation for Cognition,2,7
Empty,2024-09-05 10:18:08,Motivation for Cognition,3,7
Empty,2024-09-05 10:18:08,Motivation for Cognition,4,7
Empty,2024-09-05 10:18:08,Motivation for Cognition,5,7
Empty,2024-09-05 10:18:08,Motivation for Cognition,6,7
Empty,2024-09-05 10:18:08,Motivation for Cognition,7,7
Empty,2024-09-05 10:18:08,Motivation for Cognition,8,7
Empty,2024-09-05 10:18:08,Motivation for Cognition,9,7
Empty,2024-09-05 10:18:10,STAI-T,0,4
Empty,2024-09-05 10:18:10,STAI-T,1,4
Empty,2024-09-05 10:18:10,STAI-T,2,4
Empty,2024-09-05 10:18:10,STAI-T,3,4
Empty,2024-09-05 10:18:10,STAI-T,4,4
Empty,2024-09-05 10:18:10,STAI-T,5,4
Empty,2024-09-05 10:18:10,STAI-T,6,4
Empty,2024-09-05 10:18:10,STAI-T,7,4
Empty,2024-09-05 10:18:10,STAI-T,8,4
Empty,2024-09-05 10:18:10,STAI-T,9,4
Empty,2024-09-05 10:18:10,STAI-T,10,4
Empty,2024-09-05 10:18:10,STAI-T,11,4
Empty,2024-09-05 10:18:10,STAI-T,12,4
Empty,2024-09-05 10:18:10,STAI-T,13,4
Empty,2024-09-05 10:18:10,STAI-T,14,4
Empty,2024-09-05 10:18:10,STAI-T,15,4
Empty,2024-09-05 10:18:10,STAI-T,16,4
Empty,2024-09-05 10:18:10,STAI-T,17,4
Empty,2024-09-05 10:18:10,STAI-T,18,4
Empty,2024-09-05 10:18:10,STAI-T,19,4
Empty,2024-09-05 10:18:10,STAI-T,20,4
Empty,2024-09-05 10:18:36,Tools Used (Knapsack),0,6
Empty,2024-09-05 10:18:36,Tools Used (Knapsack),1,6
Empty,2024-09-05 10:18:36,Tools Used (Knapsack),2,6
Empty,2024-09-05 10:18:36,Tools Used (Knapsack),3,6
Empty,2024-09-05 10:18:38,Tool helpfulness (Knapsack),0,6
Empty,2024-09-05 10:18:38,Tool helpfulness (Knapsack),1,6
Empty,2024-09-05 10:18:38,Tool helpfulness (Knapsack),2,6
Empty,2024-09-05 10:18:38,Tool helpfulness (Knapsack),3,6
Empty,2024-09-05 10:18:39,Tools Used (Cognitive Tasks),0,6
Empty,2024-09-05 10:18:39,Tools Used (Cognitive Tasks),1,6
Empty,2024-09-05 10:18:39,Tools Used (Cognitive Tasks),2,6
Empty,2024-09-05 10:18:39,Tools Used (Cognitive Tasks),3,6
Empty,2024-09-05 10:18:40,Tool helpfulness (Cognitive tasks),0,6
Empty,2024-09-05 10:18:40,Tool helpfulness (Cognitive tasks),1,6
Empty,2024-09-05 10:18:40,Tool helpfulness (Cognitive tasks),2,6
Empty,2024-09-05 10:18:40,Tool helpfulness (Cognitive tasks),3,6
Empty,2024-09-05 10:18:42,DASS-21,0,4
Empty,2024-09-05 10:18:42,DASS-21,1,4
Empty,2024-09-05 10:18:42,DASS-21,2,4
Empty,2024-09-05 10:18:42,DASS-21,3,4
Empty,2024-09-05 10:18:42,DASS-21,4,4
Empty,2024-09-05 10:18:42,DASS-21,5,4
Empty,2024-09-05 10:18:42,DASS-21,6,4
Empty,2024-09-05 10:18:42,DASS-21,7,4
Empty,2024-09-05 10:18:42,DASS-21,8,4
Empty,2024-09-05 10:18:42,DASS-21,9,4
Empty,2024-09-05 10:18:42,DASS-21,10,4
Empty,2024-09-05 10:18:42,DASS-21,11,4
Empty,2024-09-05 10:18:42,DASS-21,12,4
Empty,2024-09-05 10:18:42,DASS-21,13,4
Empty,2024-09-05 10:18:42,DASS-21,14,4
Empty,2024-09-05 10:18:42,DASS-21,15,4
Empty,2024-09-05 10:18:42,DASS-21,16,4
Empty,2024-09-05 10:18:42,DASS-21,17,4
Empty,2024-09-05 10:18:42,DASS-21,18,4
Empty,2024-09-05 10:18:42,DASS-21,19,4
Empty,2024-09-05 10:18:42,DASS-21,20,4
Empty,2024-09-05 10:18:42,DASS-21,21,4
Empty,2024-09-05 10:18:44,Self-rated Cognitive Abilities,0,5
Empty,2024-09-05 10:18:44,Self-rated Cognitive Abilities,1,5
Empty,2024-09-05 10:18:44,Self-rated Cognitive Abilities,2,5
Empty,2024-09-05 10:18:45,Self-rated skills,0,11
Empty,2024-09-05 10:18:45,Self-rated skills,1,11
Empty,2024-09-05 10:18:47,BFI Neuroticism,0,5
Empty,2024-09-05 10:18:47,BFI Neuroticism,1,5
Empty,2024-09-05 10:18:47,BFI Neuroticism,2,5
Empty,2024-09-05 10:18:47,BFI Neuroticism,3,5
Empty,2024-09-05 10:18:47,BFI Neuroticism,4,5
Empty,2024-09-05 10:18:47,BFI Neuroticism,5,5
Empty,2024-09-05 10:18:47,BFI Neuroticism,6,5
Empty,2024-09-05 10:18:47,BFI Neuroticism,7,5
Empty,2024-09-05 10:18:49,Motivation for Cognition,0,7
Empty,2024-09-05 10:18:49,Motivation for Cognition,1,7
Empty,2024-09-05 10:18:49,Motivation for Cognition,2,7
Empty,2024-09-05 10:18:49,Motivation for Cognition,3,7
Empty,2024-09-05 10:18:49,Motivation for Cognition,4,7
Empty,2024-09-05 10:18:49,Motivation for Cognition,5,7
Empty,2024-09-05 10:18:49,Motivation for Cognition,6,7
Empty,2024-09-05 10:18:49,Motivation for Cognition,7,7
Empty,2024-09-05 10:18:49,Motivation for Cognition,8,7
Empty,2024-09-05 10:18:49,Motivation for Cognition,9,7
Empty,2024-09-05 10:18:51,Fatigue Assessment Scale,0,5
Empty,2024-09-05 10:18:51,Fatigue Assessment Scale,1,5
Empty,2024-09-05 10:18:51,Fatigue Assessment Scale,2,5
Empty,2024-09-05 10:18:51,Fatigue Assessment Scale,3,5
Empty,2024-09-05 10:18:51,Fatigue Assessment Scale,4,5
Empty,2024-09-05 10:18:51,Fatigue Assessment Scale,5,5
Empty,2024-09-05 10:18:51,Fatigue Assessment Scale,6,5
Empty,2024-09-05 10:18:51,Fatigue Assessment Scale,7,5
Empty,2024-09-05 10:18:51,Fatigue Assessment Scale,8,5
Empty,2024-09-05 10:18:51,Fatigue Assessment Scale,9,5
Empty,2024-09-05 10:18:53,STAI-T,0,4
Empty,2024-09-05 10:18:53,STAI-T,1,4
Empty,2024-09-05 10:18:53,STAI-T,2,4
Empty,2024-09-05 10:18:53,STAI-T,3,4
Empty,2024-09-05 10:18:53,STAI-T,4,4
Empty,2024-09-05 10:18:53,STAI-T,5,4
Empty,2024-09-05 10:18:53,STAI-T,6,4
Empty,2024-09-05 10:18:53,STAI-T,7,4
Empty,2024-09-05 10:18:53,STAI-T,8,4
Empty,2024-09-05 10:18:53,STAI-T,9,4
Empty,2024-09-05 10:18:53,STAI-T,10,4
Empty,2024-09-05 10:18:53,STAI-T,11,4
Empty,2024-09-05 10:18:53,STAI-T,12,4
Empty,2024-09-05 10:18:53,STAI-T,13,4
Empty,2024-09-05 10:18:53,STAI-T,14,4
Empty,2024-09-05 10:18:53,STAI-T,15,4
Empty,2024-09-05 10:18:53,STAI-T,16,4
Empty,2024-09-05 10:18:53,STAI-T,17,4
Empty,2024-09-05 10:18:53,STAI-T,18,4
Empty,2024-09-05 10:18:53,STAI-T,19,4
Empty,2024-09-05 10:18:53,STAI-T,20,4
lets go,2024-09-05 10:40:13,Tools Used (Knapsack),0,1
lets go,2024-09-05 10:40:13,Tools Used (Knapsack),1,1
lets go,2024-09-05 10:40:13,Tools Used (Knapsack),2,1
lets go,2024-09-05 10:40:13,Tools Used (Knapsack),3,1
lets go,2024-09-05 10:40:13,Tools Used (Knapsack),666,
lets go,2024-09-05 10:40:17,Tool helpfulness (Knapsack),0,1
lets go,2024-09-05 10:40:17,Tool helpfulness (Knapsack),1,1
lets go,2024-09-05 10:40:17,Tool helpfulness (Knapsack),2,1
lets go,2024-09-05 10:40:17,Tool helpfulness (Knapsack),3,1
lets go,2024-09-05 10:40:17,Tool helpfulness (Knapsack),666,
lets go,2024-09-05 10:40:24,Tools Used (Cognitive Tasks),0,1
lets go,2024-09-05 10:40:24,Tools Used (Cognitive Tasks),1,1
lets go,2024-09-05 10:40:24,Tools Used (Cognitive Tasks),2,1
lets go,2024-09-05 10:40:24,Tools Used (Cognitive Tasks),3,1
lets go,2024-09-05 10:40:24,Tools Used (Cognitive Tasks),666,oki doki
lets go,2024-09-05 10:40:27,Tool helpfulness (Cognitive tasks),0,1
lets go,2024-09-05 10:40:27,Tool helpfulness (Cognitive tasks),1,1
lets go,2024-09-05 10:40:27,Tool helpfulness (Cognitive tasks),2,1
lets go,2024-09-05 10:40:27,Tool helpfulness (Cognitive tasks),3,1
lets go,2024-09-05 10:40:27,Tool helpfulness (Cognitive tasks),666,
lets go,2024-09-05 10:40:47,DASS-21,0,0
lets go,2024-09-05 10:40:47,DASS-21,1,0
lets go,2024-09-05 10:40:47,DASS-21,2,0
lets go,2024-09-05 10:40:47,DASS-21,3,1
lets go,2024-09-05 10:40:47,DASS-21,4,0
lets go,2024-09-05 10:40:47,DASS-21,5,1
lets go,2024-09-05 10:40:47,DASS-21,6,0
lets go,2024-09-05 10:40:47,DASS-21,7,1
lets go,2024-09-05 10:40:47,DASS-21,8,0
lets go,2024-09-05 10:40:47,DASS-21,9,0
lets go,2024-09-05 10:40:47,DASS-21,10,1
lets go,2024-09-05 10:40:47,DASS-21,11,1
lets go,2024-09-05 10:40:47,DASS-21,12,0
lets go,2024-09-05 10:40:47,DASS-21,13,0
lets go,2024-09-05 10:40:47,DASS-21,14,0
lets go,2024-09-05 10:40:47,DASS-21,15,0
lets go,2024-09-05 10:40:47,DASS-21,16,0
lets go,2024-09-05 10:40:47,DASS-21,17,0
lets go,2024-09-05 10:40:47,DASS-21,18,0
lets go,2024-09-05 10:40:47,DASS-21,19,0
lets go,2024-09-05 10:40:47,DASS-21,20,1
lets go,2024-09-05 10:40:47,DASS-21,21,0
lets go,2024-09-05 10:41:09,STAI-T,0,0
lets go,2024-09-05 10:41:09,STAI-T,1,0
lets go,2024-09-05 10:41:09,STAI-T,2,0
lets go,2024-09-05 10:41:09,STAI-T,3,0
lets go,2024-09-05 10:41:09,STAI-T,4,0
lets go,2024-09-05 10:41:09,STAI-T,5,0
lets go,2024-09-05 10:41:09,STAI-T,6,0
lets go,2024-09-05 10:41:09,STAI-T,7,0
lets go,2024-09-05 10:41:09,STAI-T,8,0
lets go,2024-09-05 10:41:09,STAI-T,9,0
lets go,2024-09-05 10:41:09,STAI-T,10,0
lets go,2024-09-05 10:41:09,STAI-T,11,0
lets go,2024-09-05 10:41:09,STAI-T,12,0
lets go,2024-09-05 10:41:09,STAI-T,13,0
lets go,2024-09-05 10:41:09,STAI-T,14,0
lets go,2024-09-05 10:41:09,STAI-T,15,0
lets go,2024-09-05 10:41:09,STAI-T,16,0
lets go,2024-09-05 10:41:09,STAI-T,17,0
lets go,2024-09-05 10:41:09,STAI-T,18,0
lets go,2024-09-05 10:41:09,STAI-T,19,0
lets go,2024-09-05 10:41:09,STAI-T,20,0
lets go,2024-09-05 10:41:17,BFI Neuroticism,0,0
lets go,2024-09-05 10:41:17,BFI Neuroticism,1,0
lets go,2024-09-05 10:41:17,BFI Neuroticism,2,0
lets go,2024-09-05 10:41:17,BFI Neuroticism,3,0
lets go,2024-09-05 10:41:17,BFI Neuroticism,4,0
lets go,2024-09-05 10:41:17,BFI Neuroticism,5,0
lets go,2024-09-05 10:41:17,BFI Neuroticism,6,0
lets go,2024-09-05 10:41:17,BFI Neuroticism,7,0
lets go,2024-09-05 10:41:25,Fatigue Assessment Scale,0,0
lets go,2024-09-05 10:41:25,Fatigue Assessment Scale,1,0
lets go,2024-09-05 10:41:25,Fatigue Assessment Scale,2,0
lets go,2024-09-05 10:41:25,Fatigue Assessment Scale,3,0
lets go,2024-09-05 10:41:25,Fatigue Assessment Scale,4,0
lets go,2024-09-05 10:41:25,Fatigue Assessment Scale,5,0
lets go,2024-09-05 10:41:25,Fatigue Assessment Scale,6,0
lets go,2024-09-05 10:41:25,Fatigue Assessment Scale,7,0
lets go,2024-09-05 10:41:25,Fatigue Assessment Scale,8,0
lets go,2024-09-05 10:41:25,Fatigue Assessment Scale,9,0
lets go,2024-09-05 10:41:28,Self-rated skills,0,0
lets go,2024-09-05 10:41:28,Self-rated skills,1,0
lets go,2024-09-05 10:41:32,Self-rated Cognitive Abilities,0,0
lets go,2024-09-05 10:41:32,Self-rated Cognitive Abilities,1,0
lets go,2024-09-05 10:41:32,Self-rated Cognitive Abilities,2,0
lets go,2024-09-05 10:41:42,Motivation for Cognition,0,0
lets go,2024-09-05 10:41:42,Motivation for Cognition,1,0
lets go,2024-09-05 10:41:42,Motivation for Cognition,2,0
lets go,2024-09-05 10:41:42,Motivation for Cognition,3,0
lets go,2024-09-05 10:41:42,Motivation for Cognition,4,0
lets go,2024-09-05 10:41:42,Motivation for Cognition,5,0
lets go,2024-09-05 10:41:42,Motivation for Cognition,6,0
lets go,2024-09-05 10:41:42,Motivation for Cognition,7,0
lets go,2024-09-05 10:41:42,Motivation for Cognition,8,0
lets go,2024-09-05 10:41:42,Motivation for Cognition,9,0
lets go,2024-09-05 10:41:46,Reliability,0,4
Empty,2024-09-05 10:47:51,Tools Used (Knapsack),0,1
Empty,2024-09-05 10:47:51,Tools Used (Knapsack),1,1
Empty,2024-09-05 10:47:51,Tools Used (Knapsack),2,1
Empty,2024-09-05 10:47:51,Tools Used (Knapsack),3,1
Empty,2024-09-05 10:47:51,Tools Used (Knapsack),666,
Empty,2024-09-05 10:47:58,Tool helpfulness (Knapsack),0,1
Empty,2024-09-05 10:47:58,Tool helpfulness (Knapsack),1,1
Empty,2024-09-05 10:47:58,Tool helpfulness (Knapsack),2,1
Empty,2024-09-05 10:47:58,Tool helpfulness (Knapsack),3,1
Empty,2024-09-05 10:47:58,Tool helpfulness (Knapsack),666,hiya
Empty,2024-09-05 10:48:06,Tools Used (Cognitive Tasks),0,1
Empty,2024-09-05 10:48:06,Tools Used (Cognitive Tasks),1,1
Empty,2024-09-05 10:48:06,Tools Used (Cognitive Tasks),2,1
Empty,2024-09-05 10:48:06,Tools Used (Cognitive Tasks),3,1
Empty,2024-09-05 10:48:06,Tools Used (Cognitive Tasks),666,ok
Empty,2024-09-05 10:49:15,Tools Used (Knapsack),0,0
Empty,2024-09-05 10:49:15,Tools Used (Knapsack),1,0
Empty,2024-09-05 10:49:15,Tools Used (Knapsack),2,0
Empty,2024-09-05 10:49:15,Tools Used (Knapsack),3,0
Empty,2024-09-05 10:49:15,Tools Used (Knapsack),666,
Empty,2024-09-05 10:49:25,Tool helpfulness (Knapsack),0,0
Empty,2024-09-05 10:49:25,Tool helpfulness (Knapsack),1,0
Empty,2024-09-05 10:49:25,Tool helpfulness (Knapsack),2,0
Empty,2024-09-05 10:49:25,Tool helpfulness (Knapsack),3,0
Empty,2024-09-05 10:49:25,Tool helpfulness (Knapsack),666,
Empty,2024-09-05 10:49:33,Tools Used (Cognitive Tasks),0,1
Empty,2024-09-05 10:49:33,Tools Used (Cognitive Tasks),1,1
Empty,2024-09-05 10:49:33,Tools Used (Cognitive Tasks),2,1
Empty,2024-09-05 10:49:33,Tools Used (Cognitive Tasks),3,1
Empty,2024-09-05 10:49:33,Tools Used (Cognitive Tasks),666,oki doki
Empty,2024-09-05 10:49:54,Tools Used (Knapsack),0,1
Empty,2024-09-05 10:49:54,Tools Used (Knapsack),1,1
Empty,2024-09-05 10:49:54,Tools Used (Knapsack),2,1
Empty,2024-09-05 10:49:54,Tools Used (Knapsack),3,1
Empty,2024-09-05 10:49:54,Tools Used (Knapsack),666,
Empty,2024-09-05 10:49:58,Tool helpfulness (Knapsack),0,1
Empty,2024-09-05 10:49:58,Tool helpfulness (Knapsack),1,1
Empty,2024-09-05 10:49:58,Tool helpfulness (Knapsack),2,1
Empty,2024-09-05 10:49:58,Tool helpfulness (Knapsack),3,1
Empty,2024-09-05 10:49:58,Tool helpfulness (Knapsack),666,
Empty,2024-09-05 10:50:01,Tools Used (Cognitive Tasks),0,1
Empty,2024-09-05 10:50:01,Tools Used (Cognitive Tasks),1,1
Empty,2024-09-05 10:50:01,Tools Used (Cognitive Tasks),2,1
Empty,2024-09-05 10:50:01,Tools Used (Cognitive Tasks),3,1
Empty,2024-09-05 10:50:01,Tools Used (Cognitive Tasks),666,
Empty,2024-09-05 10:50:05,Tool helpfulness (Cognitive tasks),0,1
Empty,2024-09-05 10:50:05,Tool helpfulness (Cognitive tasks),1,1
Empty,2024-09-05 10:50:05,Tool helpfulness (Cognitive tasks),2,1
Empty,2024-09-05 10:50:05,Tool helpfulness (Cognitive tasks),3,1
Empty,2024-09-05 10:50:05,Tool helpfulness (Cognitive tasks),666,wef
Empty,2024-09-05 10:50:28,DASS-21,0,1
Empty,2024-09-05 10:50:28,DASS-21,1,1
Empty,2024-09-05 10:50:28,DASS-21,2,1
Empty,2024-09-05 10:50:28,DASS-21,3,1
Empty,2024-09-05 10:50:28,DASS-21,4,1
Empty,2024-09-05 10:50:28,DASS-21,5,1
Empty,2024-09-05 10:50:28,DASS-21,6,1
Empty,2024-09-05 10:50:28,DASS-21,7,1
Empty,2024-09-05 10:50:28,DASS-21,8,1
Empty,2024-09-05 10:50:28,DASS-21,9,1
Empty,2024-09-05 10:50:28,DASS-21,10,1
Empty,2024-09-05 10:50:28,DASS-21,11,1
Empty,2024-09-05 10:50:28,DASS-21,12,1
Empty,2024-09-05 10:50:28,DASS-21,13,1
Empty,2024-09-05 10:50:28,DASS-21,14,1
Empty,2024-09-05 10:50:28,DASS-21,15,1
Empty,2024-09-05 10:50:28,DASS-21,16,1
Empty,2024-09-05 10:50:28,DASS-21,17,1
Empty,2024-09-05 10:50:28,DASS-21,18,1
Empty,2024-09-05 10:50:28,DASS-21,19,1
Empty,2024-09-05 10:50:28,DASS-21,20,1
Empty,2024-09-05 10:50:28,DASS-21,21,1
Empty,2024-09-05 10:50:36,BFI Neuroticism,0,1
Empty,2024-09-05 10:50:36,BFI Neuroticism,1,1
Empty,2024-09-05 10:50:36,BFI Neuroticism,2,1
Empty,2024-09-05 10:50:36,BFI Neuroticism,3,1
Empty,2024-09-05 10:50:36,BFI Neuroticism,4,1
Empty,2024-09-05 10:50:36,BFI Neuroticism,5,1
Empty,2024-09-05 10:50:36,BFI Neuroticism,6,1
Empty,2024-09-05 10:50:36,BFI Neuroticism,7,1
Empty,2024-09-05 10:50:46,Fatigue Assessment Scale,0,1
Empty,2024-09-05 10:50:46,Fatigue Assessment Scale,1,1
Empty,2024-09-05 10:50:46,Fatigue Assessment Scale,2,1
Empty,2024-09-05 10:50:46,Fatigue Assessment Scale,3,1
Empty,2024-09-05 10:50:46,Fatigue Assessment Scale,4,1
Empty,2024-09-05 10:50:46,Fatigue Assessment Scale,5,1
Empty,2024-09-05 10:50:46,Fatigue Assessment Scale,6,1
Empty,2024-09-05 10:50:46,Fatigue Assessment Scale,7,1
Empty,2024-09-05 10:50:46,Fatigue Assessment Scale,8,1
Empty,2024-09-05 10:50:46,Fatigue Assessment Scale,9,1
Empty,2024-09-05 10:50:52,Self-rated Cognitive Abilities,0,1
Empty,2024-09-05 10:50:52,Self-rated Cognitive Abilities,1,1
Empty,2024-09-05 10:50:52,Self-rated Cognitive Abilities,2,1
Empty,2024-09-05 10:51:06,Motivation for Cognition,0,1
Empty,2024-09-05 10:51:06,Motivation for Cognition,1,1
Empty,2024-09-05 10:51:06,Motivation for Cognition,2,1
Empty,2024-09-05 10:51:06,Motivation for Cognition,3,1
Empty,2024-09-05 10:51:06,Motivation for Cognition,4,1
Empty,2024-09-05 10:51:06,Motivation for Cognition,5,1
Empty,2024-09-05 10:51:06,Motivation for Cognition,6,1
Empty,2024-09-05 10:51:06,Motivation for Cognition,7,1
Empty,2024-09-05 10:51:06,Motivation for Cognition,8,1
Empty,2024-09-05 10:51:06,Motivation for Cognition,9,1
Empty,2024-09-05 10:51:24,STAI-T,0,1
Empty,2024-09-05 10:51:24,STAI-T,1,1
Empty,2024-09-05 10:51:24,STAI-T,2,1
Empty,2024-09-05 10:51:24,STAI-T,3,1
Empty,2024-09-05 10:51:24,STAI-T,4,1
Empty,2024-09-05 10:51:24,STAI-T,5,1
Empty,2024-09-05 10:51:24,STAI-T,6,1
Empty,2024-09-05 10:51:24,STAI-T,7,1
Empty,2024-09-05 10:51:24,STAI-T,8,1
Empty,2024-09-05 10:51:24,STAI-T,9,1
Empty,2024-09-05 10:51:24,STAI-T,10,1
Empty,2024-09-05 10:51:24,STAI-T,11,1
Empty,2024-09-05 10:51:24,STAI-T,12,1
Empty,2024-09-05 10:51:24,STAI-T,13,1
Empty,2024-09-05 10:51:24,STAI-T,14,1
Empty,2024-09-05 10:51:24,STAI-T,15,1
Empty,2024-09-05 10:51:24,STAI-T,16,1
Empty,2024-09-05 10:51:24,STAI-T,17,1
Empty,2024-09-05 10:51:24,STAI-T,18,1
Empty,2024-09-05 10:51:24,STAI-T,19,1
Empty,2024-09-05 10:51:24,STAI-T,20,1
Empty,2024-09-05 10:51:28,Self-rated skills,0,2
Empty,2024-09-05 10:51:28,Self-rated skills,1,2
Empty,2024-09-05 10:51:33,Reliability,0,5
Empty,2024-09-05 10:53:50,Tools Used (Knapsack),0,1
Empty,2024-09-05 10:53:50,Tools Used (Knapsack),1,1
Empty,2024-09-05 10:53:50,Tools Used (Knapsack),2,1
Empty,2024-09-05 10:53:50,Tools Used (Knapsack),3,1
Empty,2024-09-05 10:53:50,Tools Used (Knapsack),666,
Empty,2024-09-05 10:53:54,Tool helpfulness (Knapsack),0,1
Empty,2024-09-05 10:53:54,Tool helpfulness (Knapsack),1,1
Empty,2024-09-05 10:53:54,Tool helpfulness (Knapsack),2,1
Empty,2024-09-05 10:53:54,Tool helpfulness (Knapsack),3,1
Empty,2024-09-05 10:53:54,Tool helpfulness (Knapsack),666,
Empty,2024-09-05 10:53:58,Tools Used (Cognitive Tasks),0,1
Empty,2024-09-05 10:53:58,Tools Used (Cognitive Tasks),1,1
Empty,2024-09-05 10:53:58,Tools Used (Cognitive Tasks),2,1
Empty,2024-09-05 10:53:58,Tools Used (Cognitive Tasks),3,1
Empty,2024-09-05 10:53:58,Tools Used (Cognitive Tasks),666,
Empty,2024-09-05 10:54:03,Tool helpfulness (Cognitive tasks),0,1
Empty,2024-09-05 10:54:03,Tool helpfulness (Cognitive tasks),1,1
Empty,2024-09-05 10:54:03,Tool helpfulness (Cognitive tasks),2,1
Empty,2024-09-05 10:54:03,Tool helpfulness (Cognitive tasks),3,1
Empty,2024-09-05 10:54:03,Tool helpfulness (Cognitive tasks),666,
Empty,2024-09-05 10:54:21,Aspiration Index,0,1
Empty,2024-09-05 10:54:21,Aspiration Index,1,1
Empty,2024-09-05 10:54:21,Aspiration Index,2,1
Empty,2024-09-05 10:54:21,Aspiration Index,3,1
Empty,2024-09-05 10:54:21,Aspiration Index,4,1
Empty,2024-09-05 10:54:21,Aspiration Index,5,1
Empty,2024-09-05 10:54:21,Aspiration Index,6,1
Empty,2024-09-05 10:54:21,Aspiration Index,7,1
Empty,2024-09-05 10:54:21,Aspiration Index,8,1
Empty,2024-09-05 10:54:21,Aspiration Index,9,1
Empty,2024-09-05 10:54:21,Aspiration Index,10,1
Empty,2024-09-05 10:54:21,Aspiration Index,11,1
Empty,2024-09-05 10:54:31,General Self Efficacy Scale,0,1
Empty,2024-09-05 10:54:31,General Self Efficacy Scale,1,1
Empty,2024-09-05 10:54:31,General Self Efficacy Scale,2,1
Empty,2024-09-05 10:54:31,General Self Efficacy Scale,3,1
Empty,2024-09-05 10:54:31,General Self Efficacy Scale,4,1
Empty,2024-09-05 10:54:31,General Self Efficacy Scale,5,1
Empty,2024-09-05 10:54:31,General Self Efficacy Scale,6,1
Empty,2024-09-05 10:54:31,General Self Efficacy Scale,7,1
Empty,2024-09-05 10:54:31,General Self Efficacy Scale,8,1
Empty,2024-09-05 10:54:31,General Self Efficacy Scale,9,1
Empty,2024-09-05 10:54:31,General Self Efficacy Scale,10,1
Empty,2024-09-05 10:54:51,Health,0,1
Empty,2024-09-05 10:54:51,Health,1,1
Empty,2024-09-05 10:54:51,Health,2,1
Empty,2024-09-05 10:54:51,Health,666,666
Empty,2024-09-05 10:54:56,Self-rated Cognitive Abilities,0,1
Empty,2024-09-05 10:54:56,Self-rated Cognitive Abilities,1,1
Empty,2024-09-05 10:54:56,Self-rated Cognitive Abilities,2,1
seriously,2024-09-05 11:13:02,Tools Used (Knapsack),0,1
seriously,2024-09-05 11:13:02,Tools Used (Knapsack),1,1
seriously,2024-09-05 11:13:02,Tools Used (Knapsack),2,1
seriously,2024-09-05 11:13:02,Tools Used (Knapsack),3,1
seriously,2024-09-05 11:13:02,Tools Used (Knapsack),666,
seriously,2024-09-05 11:13:13,Tool helpfulness (Knapsack),0,1
seriously,2024-09-05 11:13:13,Tool helpfulness (Knapsack),1,1
seriously,2024-09-05 11:13:13,Tool helpfulness (Knapsack),2,1
seriously,2024-09-05 11:13:13,Tool helpfulness (Knapsack),3,1
seriously,2024-09-05 11:13:13,Tool helpfulness (Knapsack),666,
seriously,2024-09-05 11:13:18,Tools Used (Cognitive Tasks),0,1
seriously,2024-09-05 11:13:18,Tools Used (Cognitive Tasks),1,1
seriously,2024-09-05 11:13:18,Tools Used (Cognitive Tasks),2,1
seriously,2024-09-05 11:13:18,Tools Used (Cognitive Tasks),3,1
seriously,2024-09-05 11:13:18,Tools Used (Cognitive Tasks),666,
seriously,2024-09-05 11:13:23,Tool helpfulness (Cognitive tasks),0,1
seriously,2024-09-05 11:13:23,Tool helpfulness (Cognitive tasks),1,1
seriously,2024-09-05 11:13:23,Tool helpfulness (Cognitive tasks),2,1
seriously,2024-09-05 11:13:23,Tool helpfulness (Cognitive tasks),3,1
seriously,2024-09-05 11:13:23,Tool helpfulness (Cognitive tasks),666,
seriously,2024-09-05 11:13:32,Aspiration Index,0,1
seriously,2024-09-05 11:13:32,Aspiration Index,1,1
seriously,2024-09-05 11:13:32,Aspiration Index,2,1
seriously,2024-09-05 11:13:32,Aspiration Index,3,1
seriously,2024-09-05 11:13:32,Aspiration Index,4,1
seriously,2024-09-05 11:13:32,Aspiration Index,5,1
seriously,2024-09-05 11:13:32,Aspiration Index,6,1
seriously,2024-09-05 11:13:32,Aspiration Index,7,1
seriously,2024-09-05 11:13:32,Aspiration Index,8,1
seriously,2024-09-05 11:13:32,Aspiration Index,9,1
seriously,2024-09-05 11:13:32,Aspiration Index,10,1
seriously,2024-09-05 11:13:32,Aspiration Index,11,1
seriously,2024-09-05 11:13:41,Motivation for Cognition,0,1
seriously,2024-09-05 11:13:41,Motivation for Cognition,1,1
seriously,2024-09-05 11:13:41,Motivation for Cognition,2,1
seriously,2024-09-05 11:13:41,Motivation for Cognition,3,1
seriously,2024-09-05 11:13:41,Motivation for Cognition,4,1
seriously,2024-09-05 11:13:41,Motivation for Cognition,5,1
seriously,2024-09-05 11:13:41,Motivation for Cognition,6,1
seriously,2024-09-05 11:13:41,Motivation for Cognition,7,1
seriously,2024-09-05 11:13:41,Motivation for Cognition,8,1
seriously,2024-09-05 11:13:41,Motivation for Cognition,9,1
seriously,2024-09-05 11:13:47,Health,0,1
seriously,2024-09-05 11:13:47,Health,1,1
seriously,2024-09-05 11:13:47,Health,2,1
seriously,2024-09-05 11:13:47,Health,666,999
seriously,2024-09-05 11:13:51,Jenkins Sleep Scale,0,1
seriously,2024-09-05 11:13:51,Jenkins Sleep Scale,1,1
seriously,2024-09-05 11:13:51,Jenkins Sleep Scale,2,1
seriously,2024-09-05 11:13:51,Jenkins Sleep Scale,3,1
seriously,2024-09-05 11:13:51,Jenkins Sleep Scale,4,1
seriously,2024-09-05 11:13:59,General Self Efficacy Scale,0,1
seriously,2024-09-05 11:13:59,General Self Efficacy Scale,1,1
seriously,2024-09-05 11:13:59,General Self Efficacy Scale,2,1
seriously,2024-09-05 11:13:59,General Self Efficacy Scale,3,1
seriously,2024-09-05 11:13:59,General Self Efficacy Scale,4,1
seriously,2024-09-05 11:13:59,General Self Efficacy Scale,5,1
seriously,2024-09-05 11:13:59,General Self Efficacy Scale,6,1
seriously,2024-09-05 11:13:59,General Self Efficacy Scale,7,1
seriously,2024-09-05 11:13:59,General Self Efficacy Scale,8,1
seriously,2024-09-05 11:13:59,General Self Efficacy Scale,9,1
seriously,2024-09-05 11:13:59,General Self Efficacy Scale,10,1
seriously,2024-09-05 11:14:02,Self-rated skills,0,3
seriously,2024-09-05 11:14:02,Self-rated skills,1,3
seriously,2024-09-05 11:14:05,Self-rated Cognitive Abilities,0,1
seriously,2024-09-05 11:14:05,Self-rated Cognitive Abilities,1,1
seriously,2024-09-05 11:14:05,Self-rated Cognitive Abilities,2,1
seriously,2024-09-05 11:14:18,PANAS,0,1
seriously,2024-09-05 11:14:18,PANAS,1,1
seriously,2024-09-05 11:14:18,PANAS,2,1
seriously,2024-09-05 11:14:18,PANAS,3,1
seriously,2024-09-05 11:14:18,PANAS,4,1
seriously,2024-09-05 11:14:18,PANAS,5,1
seriously,2024-09-05 11:14:18,PANAS,6,1
seriously,2024-09-05 11:14:18,PANAS,7,1
seriously,2024-09-05 11:14:18,PANAS,8,1
seriously,2024-09-05 11:14:18,PANAS,9,1
seriously,2024-09-05 11:14:18,PANAS,10,1
seriously,2024-09-05 11:14:18,PANAS,11,1
seriously,2024-09-05 11:14:18,PANAS,12,1
seriously,2024-09-05 11:14:18,PANAS,13,1
seriously,2024-09-05 11:14:18,PANAS,14,1
seriously,2024-09-05 11:14:18,PANAS,15,1
seriously,2024-09-05 11:14:18,PANAS,16,1
seriously,2024-09-05 11:14:18,PANAS,17,1
seriously,2024-09-05 11:14:18,PANAS,18,1
seriously,2024-09-05 11:14:18,PANAS,19,1
seriously,2024-09-05 11:14:25,Reliability,0,5
sdfq,2024-09-09 18:57:56,Tools Used (Knapsack),0,0
sdfq,2024-09-09 18:57:56,Tools Used (Knapsack),1,0
sdfq,2024-09-09 18:57:56,Tools Used (Knapsack),2,0
sdfq,2024-09-09 18:57:56,Tools Used (Knapsack),3,0
sdfq,2024-09-09 18:57:56,Tools Used (Knapsack),666,
sdfq,2024-09-09 18:58:00,Tool helpfulness (Knapsack),0,0
sdfq,2024-09-09 18:58:00,Tool helpfulness (Knapsack),1,0
sdfq,2024-09-09 18:58:00,Tool helpfulness (Knapsack),2,0
sdfq,2024-09-09 18:58:00,Tool helpfulness (Knapsack),3,0
sdfq,2024-09-09 18:58:00,Tool helpfulness (Knapsack),666,
sdfq,2024-09-09 18:58:04,Tools Used (Cognitive Tasks),0,0
sdfq,2024-09-09 18:58:04,Tools Used (Cognitive Tasks),1,0
sdfq,2024-09-09 18:58:04,Tools Used (Cognitive Tasks),2,0
sdfq,2024-09-09 18:58:04,Tools Used (Cognitive Tasks),3,0
sdfq,2024-09-09 18:58:04,Tools Used (Cognitive Tasks),666,
sdfq,2024-09-09 18:58:07,Tool helpfulness (Cognitive tasks),0,0
sdfq,2024-09-09 18:58:07,Tool helpfulness (Cognitive tasks),1,0
sdfq,2024-09-09 18:58:07,Tool helpfulness (Cognitive tasks),2,0
sdfq,2024-09-09 18:58:07,Tool helpfulness (Cognitive tasks),3,0
sdfq,2024-09-09 18:58:07,Tool helpfulness (Cognitive tasks),666,
sdfq,2024-09-09 18:58:18,Motivation for Cognition,0,0
sdfq,2024-09-09 18:58:18,Motivation for Cognition,1,0
sdfq,2024-09-09 18:58:18,Motivation for Cognition,2,0
sdfq,2024-09-09 18:58:18,Motivation for Cognition,3,0
sdfq,2024-09-09 18:58:18,Motivation for Cognition,4,0
sdfq,2024-09-09 18:58:18,Motivation for Cognition,5,0
sdfq,2024-09-09 18:58:18,Motivation for Cognition,6,0
sdfq,2024-09-09 18:58:18,Motivation for Cognition,7,0
sdfq,2024-09-09 18:58:18,Motivation for Cognition,8,0
sdfq,2024-09-09 18:58:18,Motivation for Cognition,9,0
sdfq,2024-09-09 18:58:39,PANAS,0,0
sdfq,2024-09-09 18:58:39,PANAS,1,0
sdfq,2024-09-09 18:58:39,PANAS,2,0
sdfq,2024-09-09 18:58:39,PANAS,3,0
sdfq,2024-09-09 18:58:39,PANAS,4,0
sdfq,2024-09-09 18:58:39,PANAS,5,0
sdfq,2024-09-09 18:58:39,PANAS,6,0
sdfq,2024-09-09 18:58:39,PANAS,7,0
sdfq,2024-09-09 18:58:39,PANAS,8,0
sdfq,2024-09-09 18:58:39,PANAS,9,0
sdfq,2024-09-09 18:58:39,PANAS,10,0
sdfq,2024-09-09 18:58:39,PANAS,11,0
sdfq,2024-09-09 18:58:39,PANAS,12,0
sdfq,2024-09-09 18:58:39,PANAS,13,0
sdfq,2024-09-09 18:58:39,PANAS,14,0
sdfq,2024-09-09 18:58:39,PANAS,15,0
sdfq,2024-09-09 18:58:39,PANAS,16,0
sdfq,2024-09-09 18:58:39,PANAS,17,0
sdfq,2024-09-09 18:58:39,PANAS,18,0
sdfq,2024-09-09 18:58:39,PANAS,19,0
sdfq,2024-09-09 18:58:45,Health,0,0
sdfq,2024-09-09 18:58:45,Health,1,0
sdfq,2024-09-09 18:58:45,Health,2,0
sdfq,2024-09-09 18:58:45,Health,666,9
sdfq,2024-09-09 18:58:49,Jenkins Sleep Scale,0,0
sdfq,2024-09-09 18:58:49,Jenkins Sleep Scale,1,0
sdfq,2024-09-09 18:58:49,Jenkins Sleep Scale,2,0
sdfq,2024-09-09 18:58:49,Jenkins Sleep Scale,3,0
sdfq,2024-09-09 18:58:49,Jenkins Sleep Scale,4,0
sdfq,2024-09-09 18:58:58,Aspiration Index,0,0
sdfq,2024-09-09 18:58:58,Aspiration Index,1,0
sdfq,2024-09-09 18:58:58,Aspiration Index,2,0
sdfq,2024-09-09 18:58:58,Aspiration Index,3,0
sdfq,2024-09-09 18:58:58,Aspiration Index,4,0
sdfq,2024-09-09 18:58:58,Aspiration Index,5,0
sdfq,2024-09-09 18:58:58,Aspiration Index,6,0
sdfq,2024-09-09 18:58:58,Aspiration Index,7,0
sdfq,2024-09-09 18:58:58,Aspiration Index,8,0
sdfq,2024-09-09 18:58:58,Aspiration Index,9,0
sdfq,2024-09-09 18:58:58,Aspiration Index,10,0
sdfq,2024-09-09 18:58:58,Aspiration Index,11,0
sdfq,2024-09-09 18:59:03,Self-rated Cognitive Abilities,0,0
sdfq,2024-09-09 18:59:03,Self-rated Cognitive Abilities,1,0
sdfq,2024-09-09 18:59:03,Self-rated Cognitive Abilities,2,0
sdfq,2024-09-09 18:59:11,General Self Efficacy Scale,0,0
sdfq,2024-09-09 18:59:11,General Self Efficacy Scale,1,0
sdfq,2024-09-09 18:59:11,General Self Efficacy Scale,2,0
sdfq,2024-09-09 18:59:11,General Self Efficacy Scale,3,0
sdfq,2024-09-09 18:59:11,General Self Efficacy Scale,4,0
sdfq,2024-09-09 18:59:11,General Self Efficacy Scale,5,0
sdfq,2024-09-09 18:59:11,General Self Efficacy Scale,6,0
sdfq,2024-09-09 18:59:11,General Self Efficacy Scale,7,0
sdfq,2024-09-09 18:59:11,General Self Efficacy Scale,8,0
sdfq,2024-09-09 18:59:11,General Self Efficacy Scale,9,0
sdfq,2024-09-09 18:59:11,General Self Efficacy Scale,10,0
sdfq,2024-09-09 18:59:14,Self-rated skills,0,0
sdfq,2024-09-09 18:59:14,Self-rated skills,1,0
sdfq,2024-09-09 18:59:19,Reliability,0,4
q,2024-09-12 13:44:47,Tools Used (Knapsack),0,0
q,2024-09-12 13:44:47,Tools Used (Knapsack),1,0
q,2024-09-12 13:44:47,Tools Used (Knapsack),2,0
q,2024-09-12 13:44:47,Tools Used (Knapsack),3,0
q,2024-09-12 13:44:47,Tools Used (Knapsack),666,
q,2024-09-12 13:44:53,Tool helpfulness (Knapsack),0,0
q,2024-09-12 13:44:53,Tool helpfulness (Knapsack),1,0
q,2024-09-12 13:44:53,Tool helpfulness (Knapsack),2,0
q,2024-09-12 13:44:53,Tool helpfulness (Knapsack),3,0
q,2024-09-12 13:44:53,Tool helpfulness (Knapsack),666,
q,2024-09-12 13:44:58,Tools Used (Cognitive Tasks),0,0
q,2024-09-12 13:44:58,Tools Used (Cognitive Tasks),1,0
q,2024-09-12 13:44:58,Tools Used (Cognitive Tasks),2,0
q,2024-09-12 13:44:58,Tools Used (Cognitive Tasks),3,0
q,2024-09-12 13:44:58,Tools Used (Cognitive Tasks),666,
q,2024-09-12 13:45:07,Tool helpfulness (Cognitive tasks),0,0
q,2024-09-12 13:45:07,Tool helpfulness (Cognitive tasks),1,0
q,2024-09-12 13:45:07,Tool helpfulness (Cognitive tasks),2,0
q,2024-09-12 13:45:07,Tool helpfulness (Cognitive tasks),3,0
q,2024-09-12 13:45:07,Tool helpfulness (Cognitive tasks),666,
q,2024-09-12 13:45:10,Self-rated Cognitive Abilities,0,0
q,2024-09-12 13:45:10,Self-rated Cognitive Abilities,1,0
q,2024-09-12 13:45:10,Self-rated Cognitive Abilities,2,0
q,2024-09-12 13:45:13,Self-rated skills,0,0
q,2024-09-12 13:45:13,Self-rated skills,1,0
q,2024-09-12 13:45:18,Jenkins Sleep Scale,0,0
q,2024-09-12 13:45:18,Jenkins Sleep Scale,1,0
q,2024-09-12 13:45:18,Jenkins Sleep Scale,2,0
q,2024-09-12 13:45:18,Jenkins Sleep Scale,3,0
q,2024-09-12 13:45:18,Jenkins Sleep Scale,4,0
q,2024-09-12 13:45:18,Jenkins Sleep Scale,5,0
q,2024-09-12 13:45:26,Aspiration Index,0,0
q,2024-09-12 13:45:26,Aspiration Index,1,0
q,2024-09-12 13:45:26,Aspiration Index,2,0
q,2024-09-12 13:45:26,Aspiration Index,3,0
q,2024-09-12 13:45:26,Aspiration Index,4,0
q,2024-09-12 13:45:26,Aspiration Index,5,0
q,2024-09-12 13:45:26,Aspiration Index,6,0
q,2024-09-12 13:45:26,Aspiration Index,7,0
q,2024-09-12 13:45:26,Aspiration Index,8,0
q,2024-09-12 13:45:26,Aspiration Index,9,0
q,2024-09-12 13:45:26,Aspiration Index,10,0
q,2024-09-12 13:45:26,Aspiration Index,11,0
q,2024-09-12 13:45:32,Health,0,0
q,2024-09-12 13:45:32,Health,1,0
q,2024-09-12 13:45:32,Health,2,0
q,2024-09-12 13:45:32,Health,666,0
q,2024-09-12 13:45:43,General Self Efficacy Scale,0,0
q,2024-09-12 13:45:43,General Self Efficacy Scale,1,0
q,2024-09-12 13:45:43,General Self Efficacy Scale,2,0
q,2024-09-12 13:45:43,General Self Efficacy Scale,3,0
q,2024-09-12 13:45:43,General Self Efficacy Scale,4,0
q,2024-09-12 13:45:43,General Self Efficacy Scale,5,0
q,2024-09-12 13:45:43,General Self Efficacy Scale,6,0
q,2024-09-12 13:45:43,General Self Efficacy Scale,7,0
q,2024-09-12 13:45:43,General Self Efficacy Scale,8,0
q,2024-09-12 13:45:43,General Self Efficacy Scale,9,0
q,2024-09-12 13:45:43,General Self Efficacy Scale,10,0
q,2024-09-12 13:45:43,General Self Efficacy Scale,11,0
q,2024-09-12 13:45:53,Motivation for Cognition,0,0
q,2024-09-12 13:45:53,Motivation for Cognition,1,0
q,2024-09-12 13:45:53,Motivation for Cognition,2,0
q,2024-09-12 13:45:53,Motivation for Cognition,3,0
q,2024-09-12 13:45:53,Motivation for Cognition,4,0
q,2024-09-12 13:45:53,Motivation for Cognition,5,1
q,2024-09-12 13:45:53,Motivation for Cognition,6,1
q,2024-09-12 13:45:53,Motivation for Cognition,7,1
q,2024-09-12 13:45:53,Motivation for Cognition,8,1
q,2024-09-12 13:45:53,Motivation for Cognition,9,1
q,2024-09-12 13:46:07,PANAS,0,1
q,2024-09-12 13:46:07,PANAS,1,1
q,2024-09-12 13:46:07,PANAS,2,1
q,2024-09-12 13:46:07,PANAS,3,1
q,2024-09-12 13:46:07,PANAS,4,1
q,2024-09-12 13:46:07,PANAS,5,1
q,2024-09-12 13:46:07,PANAS,6,1
q,2024-09-12 13:46:07,PANAS,7,1
q,2024-09-12 13:46:07,PANAS,8,1
q,2024-09-12 13:46:07,PANAS,9,1
q,2024-09-12 13:46:07,PANAS,10,1
q,2024-09-12 13:46:07,PANAS,11,1
q,2024-09-12 13:46:07,PANAS,12,1
q,2024-09-12 13:46:07,PANAS,13,1
q,2024-09-12 13:46:07,PANAS,14,1
q,2024-09-12 13:46:07,PANAS,15,1
q,2024-09-12 13:46:07,PANAS,16,1
q,2024-09-12 13:46:07,PANAS,17,1
q,2024-09-12 13:46:07,PANAS,18,1
q,2024-09-12 13:46:07,PANAS,19,1
d,2024-09-12 14:11:36,Tools Used (Knapsack),0,0
d,2024-09-12 14:11:36,Tools Used (Knapsack),1,0
d,2024-09-12 14:11:36,Tools Used (Knapsack),2,0
d,2024-09-12 14:11:36,Tools Used (Knapsack),3,0
d,2024-09-12 14:11:36,Tools Used (Knapsack),666,
d,2024-09-12 14:11:40,Tool helpfulness (Knapsack),0,0
d,2024-09-12 14:11:40,Tool helpfulness (Knapsack),1,0
d,2024-09-12 14:11:40,Tool helpfulness (Knapsack),2,0
d,2024-09-12 14:11:40,Tool helpfulness (Knapsack),3,0
d,2024-09-12 14:11:40,Tool helpfulness (Knapsack),666,
d,2024-09-12 14:11:52,Tools Used (Cognitive Tasks),0,0
d,2024-09-12 14:11:52,Tools Used (Cognitive Tasks),1,0
d,2024-09-12 14:11:52,Tools Used (Cognitive Tasks),2,0
d,2024-09-12 14:11:52,Tools Used (Cognitive Tasks),3,0
d,2024-09-12 14:11:52,Tools Used (Cognitive Tasks),666,
d,2024-09-12 14:11:56,Tool helpfulness (Cognitive tasks),0,1
d,2024-09-12 14:11:56,Tool helpfulness (Cognitive tasks),1,1
d,2024-09-12 14:11:56,Tool helpfulness (Cognitive tasks),2,1
d,2024-09-12 14:11:56,Tool helpfulness (Cognitive tasks),3,1
d,2024-09-12 14:11:56,Tool helpfulness (Cognitive tasks),666,
d,2024-09-12 14:11:59,Self-rated skills,0,3
d,2024-09-12 14:11:59,Self-rated skills,1,3
d,2024-09-12 14:12:13,PANAS,0,1
d,2024-09-12 14:12:13,PANAS,1,1
d,2024-09-12 14:12:13,PANAS,2,1
d,2024-09-12 14:12:13,PANAS,3,1
d,2024-09-12 14:12:13,PANAS,4,1
d,2024-09-12 14:12:13,PANAS,5,1
d,2024-09-12 14:12:13,PANAS,6,1
d,2024-09-12 14:12:13,PANAS,7,1
d,2024-09-12 14:12:13,PANAS,8,1
d,2024-09-12 14:12:13,PANAS,9,1
d,2024-09-12 14:12:13,PANAS,10,1
d,2024-09-12 14:12:13,PANAS,11,1
d,2024-09-12 14:12:13,PANAS,12,1
d,2024-09-12 14:12:13,PANAS,13,1
d,2024-09-12 14:12:13,PANAS,14,1
d,2024-09-12 14:12:13,PANAS,15,1
d,2024-09-12 14:12:13,PANAS,16,1
d,2024-09-12 14:12:13,PANAS,17,1
d,2024-09-12 14:12:13,PANAS,18,1
d,2024-09-12 14:12:13,PANAS,19,1
d,2024-09-12 14:12:16,Health,0,1
d,2024-09-12 14:12:16,Health,1,1
d,2024-09-12 14:12:16,Health,2,1
d,2024-09-12 14:12:16,Health,666,6
d,2024-09-12 14:12:28,Aspiration Index,0,2
d,2024-09-12 14:12:28,Aspiration Index,1,2
d,2024-09-12 14:12:28,Aspiration Index,2,2
d,2024-09-12 14:12:28,Aspiration Index,3,2
d,2024-09-12 14:12:28,Aspiration Index,4,2
d,2024-09-12 14:12:28,Aspiration Index,5,2
d,2024-09-12 14:12:28,Aspiration Index,6,2
d,2024-09-12 14:12:28,Aspiration Index,7,2
d,2024-09-12 14:12:28,Aspiration Index,8,2
d,2024-09-12 14:12:28,Aspiration Index,9,2
d,2024-09-12 14:12:28,Aspiration Index,10,2
d,2024-09-12 14:12:28,Aspiration Index,11,2
d,2024-09-12 14:12:35,Motivation for Cognition,0,2
d,2024-09-12 14:12:35,Motivation for Cognition,1,2
d,2024-09-12 14:12:35,Motivation for Cognition,2,2
d,2024-09-12 14:12:35,Motivation for Cognition,3,2
d,2024-09-12 14:12:35,Motivation for Cognition,4,2
d,2024-09-12 14:12:35,Motivation for Cognition,5,2
d,2024-09-12 14:12:35,Motivation for Cognition,6,2
d,2024-09-12 14:12:35,Motivation for Cognition,7,2
d,2024-09-12 14:12:35,Motivation for Cognition,8,2
d,2024-09-12 14:12:35,Motivation for Cognition,9,2
d,2024-09-12 14:12:39,Jenkins Sleep Scale,0,2
d,2024-09-12 14:12:39,Jenkins Sleep Scale,1,2
d,2024-09-12 14:12:39,Jenkins Sleep Scale,2,2
d,2024-09-12 14:12:39,Jenkins Sleep Scale,3,2
d,2024-09-12 14:12:39,Jenkins Sleep Scale,4,2
d,2024-09-12 14:12:39,Jenkins Sleep Scale,5,2
d,2024-09-12 14:12:43,Self-rated Cognitive Abilities,0,1
d,2024-09-12 14:12:43,Self-rated Cognitive Abilities,1,1
d,2024-09-12 14:12:43,Self-rated Cognitive Abilities,2,1
d,2024-09-12 14:12:52,General Self Efficacy Scale,0,1
d,2024-09-12 14:12:52,General Self Efficacy Scale,1,1
d,2024-09-12 14:12:52,General Self Efficacy Scale,2,1
d,2024-09-12 14:12:52,General Self Efficacy Scale,3,1
d,2024-09-12 14:12:52,General Self Efficacy Scale,4,1
d,2024-09-12 14:12:52,General Self Efficacy Scale,5,1
d,2024-09-12 14:12:52,General Self Efficacy Scale,6,1
d,2024-09-12 14:12:52,General Self Efficacy Scale,7,1
d,2024-09-12 14:12:52,General Self Efficacy Scale,8,1
d,2024-09-12 14:12:52,General Self Efficacy Scale,9,1
d,2024-09-12 14:12:52,General Self Efficacy Scale,10,1
d,2024-09-12 14:12:52,General Self Efficacy Scale,11,1
d,2024-09-12 14:13:05,Reliability,0,6
d,2024-09-12 14:13:05,Reliability,1,11
d,2024-09-12 14:13:05,Reliability,2,11
d,2024-09-12 14:13:05,Reliability,3,11
d,2024-09-12 14:13:05,Reliability,4,11
d,2024-09-12 14:13:05,Reliability,5,11
d,2024-09-12 14:13:05,Reliability,6,11
d,2024-09-12 14:13:05,Reliability,7,11
d,2024-09-12 14:13:05,Reliability,8,11
d,2024-09-12 14:13:05,Reliability,9,11
d,2024-09-12 14:13:05,Reliability,10,11
d,2024-09-12 14:13:05,Reliability,11,11
gf,2024-09-12 14:20:49,Tools Used (Knapsack),0,0
gf,2024-09-12 14:20:49,Tools Used (Knapsack),1,0
gf,2024-09-12 14:20:49,Tools Used (Knapsack),2,0
gf,2024-09-12 14:20:49,Tools Used (Knapsack),3,0
gf,2024-09-12 14:20:49,Tools Used (Knapsack),666,
gf,2024-09-12 14:20:53,Tool helpfulness (Knapsack),0,1
gf,2024-09-12 14:20:53,Tool helpfulness (Knapsack),1,1
gf,2024-09-12 14:20:53,Tool helpfulness (Knapsack),2,1
gf,2024-09-12 14:20:53,Tool helpfulness (Knapsack),3,1
gf,2024-09-12 14:20:53,Tool helpfulness (Knapsack),666,
gf,2024-09-12 14:20:57,Tools Used (Cognitive Tasks),0,2
gf,2024-09-12 14:20:57,Tools Used (Cognitive Tasks),1,2
gf,2024-09-12 14:20:57,Tools Used (Cognitive Tasks),2,2
gf,2024-09-12 14:20:57,Tools Used (Cognitive Tasks),3,2
gf,2024-09-12 14:20:57,Tools Used (Cognitive Tasks),666,
gf,2024-09-12 14:21:01,Tool helpfulness (Cognitive tasks),0,3
gf,2024-09-12 14:21:01,Tool helpfulness (Cognitive tasks),1,3
gf,2024-09-12 14:21:01,Tool helpfulness (Cognitive tasks),2,3
gf,2024-09-12 14:21:01,Tool helpfulness (Cognitive tasks),3,3
gf,2024-09-12 14:21:01,Tool helpfulness (Cognitive tasks),666,
gf,2024-09-12 14:21:05,Self-rated Cognitive Abilities,0,3
gf,2024-09-12 14:21:05,Self-rated Cognitive Abilities,1,3
gf,2024-09-12 14:21:05,Self-rated Cognitive Abilities,2,3
gf,2024-09-12 14:21:14,General Self Efficacy Scale,0,3
gf,2024-09-12 14:21:14,General Self Efficacy Scale,1,3
gf,2024-09-12 14:21:14,General Self Efficacy Scale,2,3
gf,2024-09-12 14:21:14,General Self Efficacy Scale,3,3
gf,2024-09-12 14:21:14,General Self Efficacy Scale,4,3
gf,2024-09-12 14:21:14,General Self Efficacy Scale,5,3
gf,2024-09-12 14:21:14,General Self Efficacy Scale,6,0
gf,2024-09-12 14:21:14,General Self Efficacy Scale,7,0
gf,2024-09-12 14:21:14,General Self Efficacy Scale,8,0
gf,2024-09-12 14:21:14,General Self Efficacy Scale,9,0
gf,2024-09-12 14:21:14,General Self Efficacy Scale,10,0
gf,2024-09-12 14:21:14,General Self Efficacy Scale,11,0
gf,2024-09-12 14:21:23,Aspiration Index,0,1
gf,2024-09-12 14:21:23,Aspiration Index,1,1
gf,2024-09-12 14:21:23,Aspiration Index,2,1
gf,2024-09-12 14:21:23,Aspiration Index,3,1
gf,2024-09-12 14:21:23,Aspiration Index,4,1
gf,2024-09-12 14:21:23,Aspiration Index,5,1
gf,2024-09-12 14:21:23,Aspiration Index,6,2
gf,2024-09-12 14:21:23,Aspiration Index,7,2
gf,2024-09-12 14:21:23,Aspiration Index,8,2
gf,2024-09-12 14:21:23,Aspiration Index,9,2
gf,2024-09-12 14:21:23,Aspiration Index,10,2
gf,2024-09-12 14:21:23,Aspiration Index,11,2
gf,2024-09-12 14:21:29,Jenkins Sleep Scale,0,3
gf,2024-09-12 14:21:29,Jenkins Sleep Scale,1,3
gf,2024-09-12 14:21:29,Jenkins Sleep Scale,2,3
gf,2024-09-12 14:21:29,Jenkins Sleep Scale,3,3
gf,2024-09-12 14:21:29,Jenkins Sleep Scale,4,3
gf,2024-09-12 14:21:29,Jenkins Sleep Scale,5,3
gf,2024-09-12 14:21:38,Motivation for Cognition,0,5
gf,2024-09-12 14:21:38,Motivation for Cognition,1,5
gf,2024-09-12 14:21:38,Motivation for Cognition,2,5
gf,2024-09-12 14:21:38,Motivation for Cognition,3,5
gf,2024-09-12 14:21:38,Motivation for Cognition,4,5
gf,2024-09-12 14:21:38,Motivation for Cognition,5,5
gf,2024-09-12 14:21:38,Motivation for Cognition,6,5
gf,2024-09-12 14:21:38,Motivation for Cognition,7,5
gf,2024-09-12 14:21:38,Motivation for Cognition,8,5
gf,2024-09-12 14:21:38,Motivation for Cognition,9,5
gf,2024-09-12 14:21:42,Self-rated skills,0,9
gf,2024-09-12 14:21:42,Self-rated skills,1,9
gf,2024-09-12 14:21:55,PANAS,0,3
gf,2024-09-12 14:21:55,PANAS,1,3
gf,2024-09-12 14:21:55,PANAS,2,3
gf,2024-09-12 14:21:55,PANAS,3,3
gf,2024-09-12 14:21:55,PANAS,4,3
gf,2024-09-12 14:21:55,PANAS,5,3
gf,2024-09-12 14:21:55,PANAS,6,3
gf,2024-09-12 14:21:55,PANAS,7,4
gf,2024-09-12 14:21:55,PANAS,8,4
gf,2024-09-12 14:21:55,PANAS,9,4
gf,2024-09-12 14:21:55,PANAS,10,4
gf,2024-09-12 14:21:55,PANAS,11,4
gf,2024-09-12 14:21:55,PANAS,12,4
gf,2024-09-12 14:21:55,PANAS,13,4
gf,2024-09-12 14:21:55,PANAS,14,0
gf,2024-09-12 14:21:55,PANAS,15,0
gf,2024-09-12 14:21:55,PANAS,16,0
gf,2024-09-12 14:21:55,PANAS,17,0
gf,2024-09-12 14:21:55,PANAS,18,0
gf,2024-09-12 14:21:55,PANAS,19,0
gf,2024-09-12 14:22:00,Health,0,1
gf,2024-09-12 14:22:00,Health,1,1
gf,2024-09-12 14:22:00,Health,2,1
gf,2024-09-12 14:22:00,Health,666,5
gf,2024-09-12 14:22:04,Reliability,0,6
gf,2024-09-12 14:22:04,Reliability,1,11
gf,2024-09-12 14:22:04,Reliability,2,11
